,,,price,price,price
,,,mean,sum,max
cab_type,name,destination,,,
Lyft,Lux,Back Bay,17.48456140350877,74746.5,42.5
Lyft,Lux,Beacon Hill,17.253652214891613,73224.5,38.5
Lyft,Lux,Boston University,21.248067463106114,90708.0,55.0
Lyft,Lux,Fenway,20.33009367681499,86809.5,55.0
Lyft,Lux,Financial District,19.33764006402927,84563.5,55.0
Lyft,Lux,Haymarket Square,14.387678613258375,61421.0,38.5
Lyft,Lux,North End,15.96228624970719,68143.0,45.5
Lyft,Lux,North Station,18.191186922530207,76785.0,55.0
Lyft,Lux,Northeastern University,19.49824355971897,83257.5,42.5
Lyft,Lux,South Station,14.753512880562061,62997.5,38.5
Lyft,Lux,Theatre District,17.351856203007518,73849.5,42.5
Lyft,Lux,West End,17.4168039538715,74004.0,45.5
Lyft,Lux Black,Back Bay,22.1353216374269,94628.5,55.0
Lyft,Lux Black,Beacon Hill,22.32174835061263,94733.5,52.5
Lyft,Lux Black,Boston University,27.596861091590537,117811.0,75.0
Lyft,Lux Black,Fenway,26.054098360655736,111251.0,75.0
Lyft,Lux Black,Financial District,25.48536473816602,111447.5,67.5
Lyft,Lux Black,Haymarket Square,19.157425626610447,81783.05,52.5
Lyft,Lux Black,North End,20.32068400093699,86749.0,57.5
Lyft,Lux Black,North Station,23.735963041933193,100189.5,67.5
Lyft,Lux Black,Northeastern University,24.960070257611243,106579.5,55.0
Lyft,Lux Black,South Station,19.992622950819673,85368.5,47.5
Lyft,Lux Black,Theatre District,22.238839285714285,94648.5,55.0
Lyft,Lux Black,West End,22.69145681336785,96416.0,57.5
Lyft,Lux Black XL,Back Bay,31.590409356725146,135049.0,75.0
Lyft,Lux Black XL,Beacon Hill,31.15221489161169,132210.0,65.0
Lyft,Lux Black XL,Boston University,36.52420941672523,155921.85,92.0
Lyft,Lux Black XL,Fenway,35.123302107728335,149976.5,97.5
Lyft,Lux Black XL,Financial District,35.43322661788246,154949.5,92.0
Lyft,Lux Black XL,Haymarket Square,28.81154837198407,122996.5,67.5
Lyft,Lux Black XL,North End,29.757905832747717,127036.5,75.0
Lyft,Lux Black XL,North Station,33.321369343757404,140649.5,80.5
Lyft,Lux Black XL,Northeastern University,34.295515222482436,146441.85,75.0
Lyft,Lux Black XL,South Station,29.051170960187353,124048.5,65.0
Lyft,Lux Black XL,Theatre District,30.98566729323308,131875.0,75.0
Lyft,Lux Black XL,West End,31.76508590256531,134969.85,80.0
Lyft,Lyft,Back Bay,9.243391812865497,39515.5,22.5
Lyft,Lyft,Beacon Hill,9.476672950047126,40219.0,22.5
Lyft,Lyft,Boston University,11.07413914265636,47275.5,38.0
Lyft,Lyft,Fenway,10.682669789227166,45615.0,32.5
Lyft,Lyft,Financial District,10.568259775897554,46215.0,38.5
Lyft,Lyft,Haymarket Square,8.120836261419536,34667.85,26.0
Lyft,Lyft,North End,8.59967205434528,36712.0,27.5
Lyft,Lyft,North Station,9.761549395877754,41203.5,34.0
Lyft,Lyft,Northeastern University,10.353391100702575,44208.979999999996,26.0
Lyft,Lyft,South Station,8.522096018735363,36389.35,22.5
Lyft,Lyft,Theatre District,9.405075187969924,40028.0,22.5
Lyft,Lyft,West End,9.499646975759003,40364.0,27.5
Lyft,Lyft XL,Back Bay,15.016374269005848,64195.0,42.5
Lyft,Lyft XL,Beacon Hill,14.984802073515551,63595.5,38.5
Lyft,Lyft XL,Boston University,18.24068868587491,77869.5,62.5
Lyft,Lyft XL,Fenway,17.34320843091335,74055.5,55.0
Lyft,Lyft XL,Financial District,16.882574891378916,73827.5,65.0
Lyft,Lyft XL,Haymarket Square,12.587046146638556,53734.1,42.5
Lyft,Lyft XL,North End,13.531037713750292,57764.0,55.0
Lyft,Lyft XL,North Station,15.512437810945274,65478.0,52.5
Lyft,Lyft XL,Northeastern University,16.735971896955505,71462.6,42.5
Lyft,Lyft XL,South Station,12.766744730679157,54514.0,38.5
Lyft,Lyft XL,Theatre District,15.00716635338346,63870.5,38.5
Lyft,Lyft XL,West End,15.064485761355613,64009.0,45.5
Lyft,Shared,Back Bay,5.8700584795321635,25094.5,13.5
Lyft,Shared,Beacon Hill,6.100494816211121,25890.5,16.5
Lyft,Shared,Boston University,7.226750995549309,30851.0,22.5
Lyft,Shared,Fenway,6.823770491803279,29137.5,16.5
Lyft,Shared,Financial District,6.264578092842442,27395.0,22.5
Lyft,Shared,Haymarket Square,4.923500468603561,21013.5,13.5
Lyft,Shared,North End,5.327711407823847,22744.0,19.5
Lyft,Shared,North Station,6.093816631130064,25722.0,22.5
Lyft,Shared,Northeastern University,6.640899508081518,28350.0,13.5
Lyft,Shared,South Station,5.201405152224824,22210.0,16.5
Lyft,Shared,Theatre District,5.8644266917293235,24959.0,16.5
Lyft,Shared,West End,6.016121440338903,25562.5,19.5
Uber,Black,Back Bay,19.941394335511983,91531.0,49.0
Uber,Black,Beacon Hill,20.09357878588648,91687.0,38.5
Uber,Black,Boston University,23.733180927498367,109006.5,64.5
Uber,Black,Fenway,22.831082552820735,104817.5,45.0
Uber,Black,Financial District,22.339557845031123,104080.0,52.0
Uber,Black,Haymarket Square,17.365882865229697,79761.5,46.5
Uber,Black,North End,18.286258710801395,83970.5,46.0
Uber,Black,North Station,20.77075534023343,94320.0,37.0
Uber,Black,Northeastern University,22.591374428229145,103717.0,68.5
Uber,Black,South Station,18.972113289760347,87082.0,46.0
Uber,Black,Theatre District,19.267194619223257,88802.5,34.0
Uber,Black,West End,20.070368754091206,91982.5,39.5
Uber,Black SUV,Back Bay,29.57450980392157,135747.0,67.0
Uber,Black SUV,Beacon Hill,29.736905544597853,135689.5,59.0
Uber,Black SUV,Boston University,32.426083170041366,148933.0,87.0
Uber,Black SUV,Fenway,31.517861032454803,144698.5,59.0
Uber,Black SUV,Financial District,33.31047435071904,155193.5,73.5
Uber,Black SUV,Haymarket Square,27.75919878075332,127498.0,65.0
Uber,Black SUV,North End,28.42258275261324,130516.5,64.0
Uber,Black SUV,North Station,31.071884632320565,141128.5,56.0
Uber,Black SUV,Northeastern University,31.398170333260726,144149.0,89.5
Uber,Black SUV,South Station,28.887581699346406,132594.0,68.0
Uber,Black SUV,Theatre District,29.14233022347581,134317.0,50.5
Uber,Black SUV,West End,30.158193323150776,138215.0,61.5
Uber,Taxi,Back Bay,,0.0,
Uber,Taxi,Beacon Hill,,0.0,
Uber,Taxi,Boston University,,0.0,
Uber,Taxi,Fenway,,0.0,
Uber,Taxi,Financial District,,0.0,
Uber,Taxi,Haymarket Square,,0.0,
Uber,Taxi,North End,,0.0,
Uber,Taxi,North Station,,0.0,
Uber,Taxi,Northeastern University,,0.0,
Uber,Taxi,South Station,,0.0,
Uber,Taxi,Theatre District,,0.0,
Uber,Taxi,West End,,0.0,
Uber,UberPool,Back Bay,8.873202614379085,40728.0,24.5
Uber,UberPool,Beacon Hill,8.727312582200788,39814.0,19.5
Uber,UberPool,Boston University,9.969076655052264,45778.0,28.0
Uber,UberPool,Fenway,9.298192115007623,42688.0,26.5
Uber,UberPool,Financial District,8.845567718394506,41211.5,42.5
Uber,UberPool,Haymarket Square,7.922490746788592,36388.0,20.0
Uber,UberPool,North End,8.231757786974516,37792.0,28.5
Uber,UberPool,North Station,8.412373403786878,38209.0,25.5
Uber,UberPool,Northeastern University,9.561860161184928,43898.5,24.5
Uber,UberPool,South Station,8.297559381128787,38077.5,25.5
Uber,UberPool,Theatre District,8.54709201388889,39385.0,19.0
Uber,UberPool,West End,8.338315513855553,38214.5,23.5
Uber,UberX,Back Bay,9.724509803921569,44635.5,26.0
Uber,UberX,Beacon Hill,9.894782989916703,45140.0,25.0
Uber,UberX,Boston University,10.98127585456129,50437.0,29.0
Uber,UberX,Fenway,10.52395992158571,48315.5,28.5
Uber,UberX,Financial District,10.751448808757244,50091.0,44.0
Uber,UberX,Haymarket Square,8.514260831700414,39106.0,20.5
Uber,UberX,North End,8.848181224134176,40622.0,29.5
Uber,UberX,North Station,9.727763099955967,44183.5,27.0
Uber,UberX,Northeastern University,10.547919843171423,48425.5,25.5
Uber,UberX,South Station,8.85511982570806,40645.0,32.0
Uber,UberX,Theatre District,9.482317205467563,43704.0,23.0
Uber,UberX,West End,9.315295657866027,42692.0,24.0
Uber,UberXL,Back Bay,15.623529411764705,71712.0,46.0
Uber,UberXL,Beacon Hill,15.605741836511067,71209.0,44.0
Uber,UberXL,Boston University,17.884607010668407,82144.0,51.0
Uber,UberXL,Fenway,17.227728163798737,79092.5,49.5
Uber,UberXL,Financial District,16.934749946340418,78899.0,76.0
Uber,UberXL,Haymarket Square,13.173633790550838,60506.5,37.0
Uber,UberXL,North End,14.133057491289199,64899.0,58.5
Uber,UberXL,North Station,15.745706737120212,71517.0,58.0
Uber,UberXL,Northeastern University,17.182313221520367,78884.0,49.5
Uber,UberXL,South Station,13.877886710239652,63699.5,47.0
Uber,UberXL,Theatre District,15.30093295725754,70522.0,38.5
Uber,UberXL,West End,15.430613135500764,70718.5,53.5
Uber,WAV,Back Bay,9.724509803921569,44635.5,26.0
Uber,WAV,Beacon Hill,9.894696471619548,45149.5,25.0
Uber,WAV,Boston University,10.98127585456129,50437.0,29.0
Uber,WAV,Fenway,10.52395992158571,48315.5,28.5
Uber,WAV,Financial District,10.751448808757244,50091.0,44.0
Uber,WAV,Haymarket Square,8.514260831700414,39106.0,20.5
Uber,WAV,North End,8.847778745644598,40629.0,29.5
Uber,WAV,North Station,9.727763099955967,44183.5,27.0
Uber,WAV,Northeastern University,10.547919843171423,48425.5,25.5
Uber,WAV,South Station,8.85511982570806,40645.0,32.0
Uber,WAV,Theatre District,9.482317205467563,43704.0,23.0
Uber,WAV,West End,9.315295657866027,42692.0,24.0
